"2018-09-20T00:14:00.00Z",
"2018-09-20T00:22:00.00Z",
"2018-09-20T00:35:00.00Z",
"2018-09-20T00:56:00.00Z",
"2018-09-20T01:04:00.00Z",
"2018-09-20T02:01:00.00Z",
"2018-09-20T02:16:00.00Z",
"2018-09-20T02:23:00.00Z",
"2018-09-20T02:31:00.00Z",
"2018-09-20T02:34:00.00Z",
"2018-09-20T02:38:00.00Z",
"2018-09-20T03:03:00.00Z",
"2018-09-20T03:20:00.00Z",
"2018-09-20T03:46:00.00Z",
"2018-09-20T04:07:00.00Z",
"2018-09-20T04:37:00.00Z",
"2018-09-20T05:00:00.00Z",
"2018-09-20T05:28:00.00Z",
"2018-09-20T05:45:00.00Z",
"2018-09-20T06:08:00.00Z",
"2018-09-20T06:20:00.00Z",
"2018-09-20T06:26:00.00Z",
"2018-09-20T06:27:00.00Z",
"2018-09-20T06:58:00.00Z",
"2018-09-20T07:21:00.00Z",
"2018-09-20T07:25:00.00Z",
"2018-09-20T07:45:00.00Z",
"2018-09-20T08:05:00.00Z",
"2018-09-20T08:08:00.00Z",
"2018-09-20T09:36:00.00Z",
"2018-09-20T09:52:00.00Z",
"2018-09-20T11:11:00.00Z",
"2018-09-20T11:12:00.00Z",
"2018-09-20T11:35:00.00Z",
"2018-09-20T12:19:00.00Z",
"2018-09-20T12:37:00.00Z",
"2018-09-20T12:40:00.00Z",
"2018-09-20T12:44:00.00Z",
"2018-09-20T13:59:00.00Z",
"2018-09-20T15:47:00.00Z",
"2018-09-20T16:11:00.00Z",
"2018-09-20T16:25:00.00Z",
"2018-09-20T16:54:00.00Z",
"2018-09-20T18:19:00.00Z",
"2018-09-20T18:44:00.00Z",
"2018-09-20T19:06:00.00Z",
"2018-09-20T19:40:00.00Z",
"2018-09-20T19:42:00.00Z",
"2018-09-20T19:46:00.00Z",
"2018-09-20T20:19:00.00Z",
"2018-09-20T20:29:00.00Z",
"2018-09-20T20:39:00.00Z",
"2018-09-20T20:52:00.00Z",
"2018-09-20T20:53:00.00Z",
"2018-09-20T21:54:00.00Z",
"2018-09-20T21:58:00.00Z",
"2018-09-20T22:07:00.00Z",
"2018-09-20T22:44:00.00Z",
"2018-09-20T23:11:00.00Z",
"2018-09-20T23:33:00.00Z",
"2018-09-21T00:14:00.00Z",
"2018-09-21T00:22:00.00Z",
"2018-09-21T00:35:00.00Z",
"2018-09-21T00:56:00.00Z",
"2018-09-21T01:04:00.00Z",
"2018-09-21T02:01:00.00Z",
"2018-09-21T02:16:00.00Z",
"2018-09-21T02:23:00.00Z",
"2018-09-21T02:31:00.00Z",
"2018-09-21T02:34:00.00Z",
"2018-09-21T02:38:00.00Z",
"2018-09-21T03:03:00.00Z",
"2018-09-21T03:20:00.00Z",
"2018-09-21T03:46:00.00Z",
"2018-09-21T04:07:00.00Z",
"2018-09-21T04:37:00.00Z",
"2018-09-21T05:00:00.00Z",
"2018-09-21T05:28:00.00Z",
"2018-09-21T05:45:00.00Z",
"2018-09-21T06:08:00.00Z",
"2018-09-21T06:20:00.00Z",
"2018-09-21T06:26:00.00Z",
"2018-09-21T06:27:00.00Z",
"2018-09-21T06:58:00.00Z",
"2018-09-21T07:21:00.00Z",
"2018-09-21T07:25:00.00Z",
"2018-09-21T07:45:00.00Z",
"2018-09-21T08:05:00.00Z",
"2018-09-21T08:08:00.00Z",
"2018-09-21T09:36:00.00Z",
"2018-09-21T09:52:00.00Z",
"2018-09-21T11:11:00.00Z",
"2018-09-21T11:12:00.00Z",
"2018-09-21T11:35:00.00Z",
"2018-09-21T12:19:00.00Z",
"2018-09-21T12:37:00.00Z",
"2018-09-21T12:40:00.00Z",
"2018-09-21T12:44:00.00Z",
"2018-09-21T13:59:00.00Z",
"2018-09-21T15:47:00.00Z",
"2018-09-21T16:11:00.00Z",
"2018-09-21T16:25:00.00Z",
"2018-09-21T16:54:00.00Z",
"2018-09-21T18:19:00.00Z",
"2018-09-21T18:44:00.00Z",
"2018-09-21T19:06:00.00Z",
"2018-09-21T19:40:00.00Z",
"2018-09-21T19:42:00.00Z",
"2018-09-21T19:46:00.00Z",
"2018-09-21T20:19:00.00Z",
"2018-09-21T20:29:00.00Z",
"2018-09-21T20:39:00.00Z",
"2018-09-21T20:52:00.00Z",
"2018-09-21T20:53:00.00Z",
"2018-09-21T21:54:00.00Z",
"2018-09-21T21:58:00.00Z",
"2018-09-21T22:07:00.00Z",
"2018-09-21T22:44:00.00Z",
"2018-09-21T23:11:00.00Z",
"2018-09-21T23:33:00.00Z",
"2018-09-23T00:14:00.00Z",
"2018-09-23T00:22:00.00Z",
"2018-09-23T00:35:00.00Z",
"2018-09-23T00:56:00.00Z",
"2018-09-23T01:04:00.00Z",
"2018-09-23T02:01:00.00Z",
"2018-09-23T02:16:00.00Z",
"2018-09-23T02:23:00.00Z",
"2018-09-23T02:31:00.00Z",
"2018-09-23T02:34:00.00Z",
"2018-09-23T02:38:00.00Z",
"2018-09-23T03:03:00.00Z",
"2018-09-23T03:20:00.00Z",
"2018-09-23T03:46:00.00Z",
"2018-09-23T04:07:00.00Z",
"2018-09-23T04:37:00.00Z",
"2018-09-23T05:00:00.00Z",
"2018-09-23T05:28:00.00Z",
"2018-09-23T05:45:00.00Z",
"2018-09-23T06:08:00.00Z",
"2018-09-23T06:20:00.00Z",
"2018-09-23T06:26:00.00Z",
"2018-09-23T06:27:00.00Z",
"2018-09-23T06:58:00.00Z",
"2018-09-23T07:21:00.00Z",
"2018-09-23T07:25:00.00Z",
"2018-09-23T07:45:00.00Z",
"2018-09-23T08:05:00.00Z",
"2018-09-23T08:08:00.00Z",
"2018-09-23T09:36:00.00Z",
"2018-09-23T09:52:00.00Z",
"2018-09-23T11:11:00.00Z",
"2018-09-23T11:12:00.00Z",
"2018-09-23T11:35:00.00Z",
"2018-09-23T12:19:00.00Z",
"2018-09-23T12:37:00.00Z",
"2018-09-23T12:40:00.00Z",
"2018-09-23T12:44:00.00Z",
"2018-09-23T13:59:00.00Z",
"2018-09-23T15:47:00.00Z",
"2018-09-23T16:11:00.00Z",
"2018-09-23T16:25:00.00Z",
"2018-09-23T16:54:00.00Z",
"2018-09-23T18:19:00.00Z",
"2018-09-23T18:44:00.00Z",
"2018-09-23T19:06:00.00Z",
"2018-09-23T19:40:00.00Z",
"2018-09-23T19:42:00.00Z",
"2018-09-23T19:46:00.00Z",
"2018-09-23T20:19:00.00Z",
"2018-09-23T20:29:00.00Z",
"2018-09-23T20:39:00.00Z",
"2018-09-23T20:52:00.00Z",
"2018-09-23T20:53:00.00Z",
"2018-09-23T21:54:00.00Z",
"2018-09-23T21:58:00.00Z",
"2018-09-23T22:07:00.00Z",
"2018-09-23T22:44:00.00Z",
"2018-09-23T23:11:00.00Z",
"2018-09-23T23:33:00.00Z",
"2018-09-24T00:14:00.00Z",
"2018-09-24T00:22:00.00Z",
"2018-09-24T00:35:00.00Z",
"2018-09-24T00:56:00.00Z",
"2018-09-24T01:04:00.00Z",
"2018-09-24T02:01:00.00Z",
"2018-09-24T02:16:00.00Z",
"2018-09-24T02:23:00.00Z",
"2018-09-24T02:31:00.00Z",
"2018-09-24T02:34:00.00Z",
"2018-09-24T02:38:00.00Z",
"2018-09-24T03:03:00.00Z",
"2018-09-24T03:20:00.00Z",
"2018-09-24T03:46:00.00Z",
"2018-09-24T04:07:00.00Z",
"2018-09-24T04:37:00.00Z",
"2018-09-24T05:00:00.00Z",
"2018-09-24T05:28:00.00Z",
"2018-09-24T05:45:00.00Z",
"2018-09-24T06:08:00.00Z",
"2018-09-24T06:20:00.00Z",
"2018-09-24T06:26:00.00Z",
"2018-09-24T06:27:00.00Z",
"2018-09-24T06:58:00.00Z",
"2018-09-24T07:21:00.00Z",
"2018-09-24T07:25:00.00Z",
"2018-09-24T07:45:00.00Z",
"2018-09-24T08:05:00.00Z",
"2018-09-24T08:08:00.00Z",
"2018-09-24T09:36:00.00Z",
"2018-09-24T09:52:00.00Z",
"2018-09-24T11:11:00.00Z",
"2018-09-24T11:12:00.00Z",
"2018-09-24T11:35:00.00Z",
"2018-09-24T12:19:00.00Z",
"2018-09-24T12:37:00.00Z",
"2018-09-24T12:40:00.00Z",
"2018-09-24T12:44:00.00Z",
"2018-09-24T13:59:00.00Z",
"2018-09-24T15:47:00.00Z",
"2018-09-24T16:11:00.00Z",
"2018-09-24T16:25:00.00Z",
"2018-09-24T16:54:00.00Z",
"2018-09-24T18:19:00.00Z",
"2018-09-24T18:44:00.00Z",
"2018-09-24T19:06:00.00Z",
"2018-09-24T19:40:00.00Z",
"2018-09-24T19:42:00.00Z",
"2018-09-24T19:46:00.00Z",
"2018-09-24T20:19:00.00Z",
"2018-09-24T20:29:00.00Z",
"2018-09-24T20:39:00.00Z",
"2018-09-24T20:52:00.00Z",
"2018-09-24T20:53:00.00Z",
"2018-09-24T21:54:00.00Z",
"2018-09-24T21:58:00.00Z",
"2018-09-24T22:07:00.00Z",
"2018-09-24T22:44:00.00Z",
"2018-09-24T23:11:00.00Z",
"2018-09-24T23:33:00.00Z",
"2018-09-25T00:14:00.00Z",
"2018-09-25T00:22:00.00Z",
"2018-09-25T00:35:00.00Z",
"2018-09-25T00:56:00.00Z",
"2018-09-25T01:04:00.00Z",
"2018-09-25T02:01:00.00Z",
"2018-09-25T02:16:00.00Z",
"2018-09-25T02:23:00.00Z",
"2018-09-25T02:31:00.00Z",
"2018-09-25T02:34:00.00Z",
"2018-09-25T02:38:00.00Z",
"2018-09-25T03:03:00.00Z",
"2018-09-25T03:20:00.00Z",
"2018-09-25T03:46:00.00Z",
"2018-09-25T04:07:00.00Z",
"2018-09-25T04:37:00.00Z",
"2018-09-25T05:00:00.00Z",
"2018-09-25T05:28:00.00Z",
"2018-09-25T05:45:00.00Z",
"2018-09-25T06:08:00.00Z",
"2018-09-25T06:20:00.00Z",
"2018-09-25T06:26:00.00Z",
"2018-09-25T06:27:00.00Z",
"2018-09-25T06:58:00.00Z",
"2018-09-25T07:21:00.00Z",
"2018-09-25T07:25:00.00Z",
"2018-09-25T07:45:00.00Z",
"2018-09-25T08:05:00.00Z",
"2018-09-25T08:08:00.00Z",
"2018-09-25T09:36:00.00Z",
"2018-09-25T09:52:00.00Z",
"2018-09-25T11:11:00.00Z",
"2018-09-25T11:12:00.00Z",
"2018-09-25T11:35:00.00Z",
"2018-09-25T12:19:00.00Z",
"2018-09-25T12:37:00.00Z",
"2018-09-25T12:40:00.00Z",
"2018-09-25T12:44:00.00Z",
"2018-09-25T13:59:00.00Z",
"2018-09-25T15:47:00.00Z",
"2018-09-25T16:11:00.00Z",
"2018-09-25T16:25:00.00Z",
"2018-09-25T16:54:00.00Z",
"2018-09-25T18:19:00.00Z",
"2018-09-25T18:44:00.00Z",
"2018-09-25T19:06:00.00Z",
"2018-09-25T19:40:00.00Z",
"2018-09-25T19:42:00.00Z",
"2018-09-25T19:46:00.00Z",
"2018-09-25T20:19:00.00Z",
"2018-09-25T20:29:00.00Z",
"2018-09-25T20:39:00.00Z",
"2018-09-25T20:52:00.00Z",
"2018-09-25T20:53:00.00Z",
"2018-09-25T21:54:00.00Z",
"2018-09-25T21:58:00.00Z",
"2018-09-25T22:07:00.00Z",
"2018-09-25T22:44:00.00Z",
"2018-09-25T23:11:00.00Z",
"2018-09-25T23:33:00.00Z",
"2018-09-26T00:14:00.00Z",
"2018-09-26T00:22:00.00Z",
"2018-09-26T00:35:00.00Z",
"2018-09-26T00:56:00.00Z",
"2018-09-26T01:04:00.00Z",
"2018-09-26T02:01:00.00Z",
"2018-09-26T02:16:00.00Z",
"2018-09-26T02:23:00.00Z",
"2018-09-26T02:31:00.00Z",
"2018-09-26T02:34:00.00Z",
"2018-09-26T02:38:00.00Z",
"2018-09-26T03:03:00.00Z",
"2018-09-26T03:20:00.00Z",
"2018-09-26T03:46:00.00Z",
"2018-09-26T04:07:00.00Z",
"2018-09-26T04:37:00.00Z",
"2018-09-26T05:00:00.00Z",
"2018-09-26T05:28:00.00Z",
"2018-09-26T05:45:00.00Z",
"2018-09-26T06:08:00.00Z",
"2018-09-26T06:20:00.00Z",
"2018-09-26T06:26:00.00Z",
"2018-09-26T06:27:00.00Z",
"2018-09-26T06:58:00.00Z",
"2018-09-26T07:21:00.00Z",
"2018-09-26T07:25:00.00Z",
"2018-09-26T07:45:00.00Z",
"2018-09-26T08:05:00.00Z",
"2018-09-26T08:08:00.00Z",
"2018-09-26T09:36:00.00Z",
"2018-09-26T09:52:00.00Z",
"2018-09-26T11:11:00.00Z",
"2018-09-26T11:12:00.00Z",
"2018-09-26T11:35:00.00Z",
"2018-09-26T12:19:00.00Z",
"2018-09-26T12:37:00.00Z",
"2018-09-26T12:40:00.00Z",
"2018-09-26T12:44:00.00Z",
"2018-09-26T13:59:00.00Z",
"2018-09-26T15:47:00.00Z",
"2018-09-26T16:11:00.00Z",
"2018-09-26T16:25:00.00Z",
"2018-09-26T16:54:00.00Z",
"2018-09-26T18:19:00.00Z",
"2018-09-26T18:44:00.00Z",
"2018-09-26T19:06:00.00Z",
"2018-09-26T19:40:00.00Z",
"2018-09-26T19:42:00.00Z",
"2018-09-26T19:46:00.00Z",
"2018-09-26T20:19:00.00Z",
"2018-09-26T20:29:00.00Z",
"2018-09-26T20:39:00.00Z",
"2018-09-26T20:52:00.00Z",
"2018-09-26T20:53:00.00Z",
"2018-09-26T21:54:00.00Z",
"2018-09-26T21:58:00.00Z",
"2018-09-26T22:07:00.00Z",
"2018-09-26T22:44:00.00Z",
"2018-09-26T23:11:00.00Z",
"2018-09-26T23:33:00.00Z",
"2018-09-27T00:14:00.00Z",
"2018-09-27T00:22:00.00Z",
"2018-09-27T00:35:00.00Z",
"2018-09-27T00:56:00.00Z",
"2018-09-27T01:04:00.00Z",
"2018-09-27T02:01:00.00Z",
"2018-09-27T02:16:00.00Z",
"2018-09-27T02:23:00.00Z",
"2018-09-27T02:31:00.00Z",
"2018-09-27T02:34:00.00Z",
"2018-09-27T02:38:00.00Z",
"2018-09-27T03:03:00.00Z",
"2018-09-27T03:20:00.00Z",
"2018-09-27T03:46:00.00Z",
"2018-09-27T04:07:00.00Z",
"2018-09-27T04:37:00.00Z",
"2018-09-27T05:00:00.00Z",
"2018-09-27T05:28:00.00Z",
"2018-09-27T05:45:00.00Z",
"2018-09-27T06:08:00.00Z",
"2018-09-27T06:20:00.00Z",
"2018-09-27T06:26:00.00Z",
"2018-09-27T06:27:00.00Z",
"2018-09-27T06:58:00.00Z",
"2018-09-27T07:21:00.00Z",
"2018-09-27T07:25:00.00Z",
"2018-09-27T07:45:00.00Z",
"2018-09-27T08:05:00.00Z",
"2018-09-27T08:08:00.00Z",
"2018-09-27T09:36:00.00Z",
"2018-09-27T09:52:00.00Z",
"2018-09-27T11:11:00.00Z",
"2018-09-27T11:12:00.00Z",
"2018-09-27T11:35:00.00Z",
"2018-09-27T12:19:00.00Z",
"2018-09-27T12:37:00.00Z",
"2018-09-27T12:40:00.00Z",
"2018-09-27T12:44:00.00Z",
"2018-09-27T13:59:00.00Z",
"2018-09-27T15:47:00.00Z",
"2018-09-27T16:11:00.00Z",
"2018-09-27T16:25:00.00Z",
"2018-09-27T16:54:00.00Z",
"2018-09-27T18:19:00.00Z",
"2018-09-27T18:44:00.00Z",
"2018-09-27T19:06:00.00Z",
"2018-09-27T19:40:00.00Z",
"2018-09-27T19:42:00.00Z",
"2018-09-27T19:46:00.00Z",
"2018-09-27T20:19:00.00Z",
"2018-09-27T20:29:00.00Z",
"2018-09-27T20:39:00.00Z",
"2018-09-27T20:52:00.00Z",
"2018-09-27T20:53:00.00Z",
"2018-09-27T21:54:00.00Z",
"2018-09-27T21:58:00.00Z",
"2018-09-27T22:07:00.00Z",
"2018-09-27T22:44:00.00Z",
"2018-09-27T23:11:00.00Z",
"2018-09-27T23:33:00.00Z",
"2018-09-28T00:14:00.00Z",
"2018-09-28T00:22:00.00Z",
"2018-09-28T00:35:00.00Z",
"2018-09-28T00:56:00.00Z",
"2018-09-28T01:04:00.00Z",
"2018-09-28T02:01:00.00Z",
"2018-09-28T02:16:00.00Z",
"2018-09-28T02:23:00.00Z",
"2018-09-28T02:31:00.00Z",
"2018-09-28T02:34:00.00Z",
"2018-09-28T02:38:00.00Z",
"2018-09-28T03:03:00.00Z",
"2018-09-28T03:20:00.00Z",
"2018-09-28T03:46:00.00Z",
"2018-09-28T04:07:00.00Z",
"2018-09-28T04:37:00.00Z",
"2018-09-28T05:00:00.00Z",
"2018-09-28T05:28:00.00Z",
"2018-09-28T05:45:00.00Z",
"2018-09-28T06:08:00.00Z",
"2018-09-28T06:20:00.00Z",
"2018-09-28T06:26:00.00Z",
"2018-09-28T06:27:00.00Z",
"2018-09-28T06:58:00.00Z",
"2018-09-28T07:21:00.00Z",
"2018-09-28T07:25:00.00Z",
"2018-09-28T07:45:00.00Z",
"2018-09-28T08:05:00.00Z",
"2018-09-28T08:08:00.00Z",
"2018-09-28T09:36:00.00Z",
"2018-09-28T09:52:00.00Z",
"2018-09-28T11:11:00.00Z",
"2018-09-28T11:12:00.00Z",
"2018-09-28T11:35:00.00Z",
"2018-09-28T12:19:00.00Z",
"2018-09-28T12:37:00.00Z",
"2018-09-28T12:40:00.00Z",
"2018-09-28T12:44:00.00Z",
"2018-09-28T13:59:00.00Z",
"2018-09-28T15:47:00.00Z",
"2018-09-28T16:11:00.00Z",
"2018-09-28T16:25:00.00Z",
"2018-09-28T16:54:00.00Z",
"2018-09-28T18:19:00.00Z",
"2018-09-28T18:44:00.00Z",
"2018-09-28T19:06:00.00Z",
"2018-09-28T19:40:00.00Z",
"2018-09-28T19:42:00.00Z",
"2018-09-28T19:46:00.00Z",
"2018-09-28T20:19:00.00Z",
"2018-09-28T20:29:00.00Z",
"2018-09-28T20:39:00.00Z",
"2018-09-28T20:52:00.00Z",
"2018-09-28T20:53:00.00Z",
"2018-09-28T21:54:00.00Z",
"2018-09-28T21:58:00.00Z",
"2018-09-28T22:07:00.00Z",
"2018-09-28T22:44:00.00Z",
"2018-09-28T23:11:00.00Z",
"2018-09-28T23:33:00.00Z",
"2018-09-29T00:14:00.00Z",
"2018-09-29T00:22:00.00Z",
"2018-09-29T00:35:00.00Z",
"2018-09-29T00:56:00.00Z",
"2018-09-29T01:04:00.00Z",
"2018-09-29T02:01:00.00Z",
"2018-09-29T02:16:00.00Z",
"2018-09-29T02:23:00.00Z",
"2018-09-29T02:31:00.00Z",
"2018-09-29T02:34:00.00Z",
"2018-09-29T02:38:00.00Z",
"2018-09-29T03:03:00.00Z",
"2018-09-29T03:20:00.00Z",
"2018-09-29T03:46:00.00Z",
"2018-09-29T04:07:00.00Z",
"2018-09-29T04:37:00.00Z",
"2018-09-29T05:00:00.00Z",
"2018-09-29T05:28:00.00Z",
"2018-09-29T05:45:00.00Z",
"2018-09-29T06:08:00.00Z",
"2018-09-29T06:20:00.00Z",
"2018-09-29T06:26:00.00Z",
"2018-09-29T06:27:00.00Z",
"2018-09-29T06:58:00.00Z",
"2018-09-29T07:21:00.00Z",
"2018-09-29T07:25:00.00Z",
"2018-09-29T07:45:00.00Z",
"2018-09-29T08:05:00.00Z",
"2018-09-29T08:08:00.00Z",
"2018-09-29T09:36:00.00Z",
"2018-09-29T09:52:00.00Z",
"2018-09-29T11:11:00.00Z",
"2018-09-29T11:12:00.00Z",
"2018-09-29T11:35:00.00Z",
"2018-09-29T12:19:00.00Z",
"2018-09-29T12:37:00.00Z",
"2018-09-29T12:40:00.00Z",
"2018-09-29T12:44:00.00Z",
"2018-09-29T13:59:00.00Z",
"2018-09-29T15:47:00.00Z",
"2018-09-29T16:11:00.00Z",
"2018-09-29T16:25:00.00Z",
"2018-09-29T16:54:00.00Z",
"2018-09-29T18:19:00.00Z",
"2018-09-29T18:44:00.00Z",
"2018-09-29T19:06:00.00Z",
"2018-09-29T19:40:00.00Z",
"2018-09-29T19:42:00.00Z",
"2018-09-29T19:46:00.00Z",
"2018-09-29T20:19:00.00Z",
"2018-09-29T20:29:00.00Z",
"2018-09-29T20:39:00.00Z",
"2018-09-29T20:52:00.00Z",
"2018-09-29T20:53:00.00Z",
"2018-09-29T21:54:00.00Z",
"2018-09-29T21:58:00.00Z",
"2018-09-29T22:07:00.00Z",
"2018-09-29T22:44:00.00Z",
"2018-09-29T23:11:00.00Z",
"2018-09-29T23:33:00.00Z",
"2018-09-30T00:14:00.00Z",
"2018-09-30T00:22:00.00Z",
"2018-09-30T00:35:00.00Z",
"2018-09-30T00:56:00.00Z",
"2018-09-30T01:04:00.00Z",
"2018-09-30T02:01:00.00Z",
"2018-09-30T02:16:00.00Z",
"2018-09-30T02:23:00.00Z",
"2018-09-30T02:31:00.00Z",
"2018-09-30T02:34:00.00Z",
"2018-09-30T02:38:00.00Z",
"2018-09-30T03:03:00.00Z",
"2018-09-30T03:20:00.00Z",
"2018-09-30T03:46:00.00Z",
"2018-09-30T04:07:00.00Z",
"2018-09-30T04:37:00.00Z",
"2018-09-30T05:00:00.00Z",
"2018-09-30T05:28:00.00Z",
"2018-09-30T05:45:00.00Z",
"2018-09-30T06:08:00.00Z",
"2018-09-30T06:20:00.00Z",
"2018-09-30T06:26:00.00Z",
"2018-09-30T06:27:00.00Z",
"2018-09-30T06:58:00.00Z",
"2018-09-30T07:21:00.00Z",
"2018-09-30T07:25:00.00Z",
"2018-09-30T07:45:00.00Z",
"2018-09-30T08:05:00.00Z",
"2018-09-30T08:08:00.00Z",
"2018-09-30T09:36:00.00Z",
"2018-09-30T09:52:00.00Z",
"2018-09-30T11:11:00.00Z",
"2018-09-30T11:12:00.00Z",
"2018-09-30T11:35:00.00Z",
"2018-09-30T12:19:00.00Z",
"2018-09-30T12:37:00.00Z",
"2018-09-30T12:40:00.00Z",
"2018-09-30T12:44:00.00Z",
"2018-09-30T13:59:00.00Z",
"2018-09-30T15:47:00.00Z",
"2018-09-30T16:11:00.00Z",
"2018-09-30T16:25:00.00Z",
"2018-09-30T16:54:00.00Z",
"2018-09-30T18:19:00.00Z",
"2018-09-30T18:44:00.00Z",
"2018-09-30T19:06:00.00Z",
"2018-09-30T19:40:00.00Z",
"2018-09-30T19:42:00.00Z",
"2018-09-30T19:46:00.00Z",
"2018-09-30T20:19:00.00Z",
"2018-09-30T20:29:00.00Z",
"2018-09-30T20:39:00.00Z",
"2018-09-30T20:52:00.00Z",
"2018-09-30T20:53:00.00Z",
"2018-09-30T21:54:00.00Z",
"2018-09-30T21:58:00.00Z",
"2018-09-30T22:07:00.00Z",
"2018-09-30T22:44:00.00Z",
"2018-09-30T23:11:00.00Z",
"2018-09-30T23:33:00.00Z",
"2018-09-31T00:14:00.00Z",
"2018-09-31T00:22:00.00Z",
"2018-09-31T00:35:00.00Z",
"2018-09-31T00:56:00.00Z",
"2018-09-31T01:04:00.00Z",
"2018-09-31T02:01:00.00Z",
"2018-09-31T02:16:00.00Z",
"2018-09-31T02:23:00.00Z",
"2018-09-31T02:31:00.00Z",
"2018-09-31T02:34:00.00Z",
"2018-09-31T02:38:00.00Z",
"2018-09-31T03:03:00.00Z",
"2018-09-31T03:20:00.00Z",
"2018-09-31T03:46:00.00Z",
"2018-09-31T04:07:00.00Z",
"2018-09-31T04:37:00.00Z",
"2018-09-31T05:00:00.00Z",
"2018-09-31T05:28:00.00Z",
"2018-09-31T05:45:00.00Z",
"2018-09-31T06:08:00.00Z",
"2018-09-31T06:20:00.00Z",
"2018-09-31T06:26:00.00Z",
"2018-09-31T06:27:00.00Z",
"2018-09-31T06:58:00.00Z",
"2018-09-31T07:21:00.00Z",
"2018-09-31T07:25:00.00Z",
"2018-09-31T07:45:00.00Z",
"2018-09-31T08:05:00.00Z",
"2018-09-31T08:08:00.00Z",
"2018-09-31T09:36:00.00Z",
"2018-09-31T09:52:00.00Z",
"2018-09-31T11:11:00.00Z",
"2018-09-31T11:12:00.00Z",
"2018-09-31T11:35:00.00Z",
"2018-09-31T12:19:00.00Z",
"2018-09-31T12:37:00.00Z",
"2018-09-31T12:40:00.00Z",
"2018-09-31T12:44:00.00Z",
"2018-09-31T13:59:00.00Z",
"2018-09-31T15:47:00.00Z",
"2018-09-31T16:11:00.00Z",
"2018-09-31T16:25:00.00Z",
"2018-09-31T16:54:00.00Z",
"2018-09-31T18:19:00.00Z",
"2018-09-31T18:44:00.00Z",
"2018-09-31T19:06:00.00Z",
"2018-09-31T19:40:00.00Z",
"2018-09-31T19:42:00.00Z",
"2018-09-31T19:46:00.00Z",
"2018-09-31T20:19:00.00Z",
"2018-09-31T20:29:00.00Z",
"2018-09-31T20:39:00.00Z",
"2018-09-31T20:52:00.00Z",
"2018-09-31T20:53:00.00Z",
"2018-09-31T21:54:00.00Z",
"2018-09-31T21:58:00.00Z",
"2018-09-31T22:07:00.00Z",
"2018-09-31T22:44:00.00Z",
"2018-09-31T23:11:00.00Z",
"2018-09-31T23:33:00.00Z",
"2018-10-01T00:14:00.00Z",
"2018-10-01T00:22:00.00Z",
"2018-10-01T00:35:00.00Z",
"2018-10-01T00:56:00.00Z",
"2018-10-01T01:04:00.00Z",
"2018-10-01T02:01:00.00Z",
"2018-10-01T02:16:00.00Z",
"2018-10-01T02:23:00.00Z",
"2018-10-01T02:31:00.00Z",
"2018-10-01T02:34:00.00Z",
"2018-10-01T02:38:00.00Z",
"2018-10-01T03:03:00.00Z",
"2018-10-01T03:20:00.00Z",
"2018-10-01T03:46:00.00Z",
"2018-10-01T04:07:00.00Z",
"2018-10-01T04:37:00.00Z",
"2018-10-01T05:00:00.00Z",
"2018-10-01T05:28:00.00Z",
"2018-10-01T05:45:00.00Z",
"2018-10-01T06:08:00.00Z",
"2018-10-01T06:20:00.00Z",
"2018-10-01T06:26:00.00Z",
"2018-10-01T06:27:00.00Z",
"2018-10-01T06:58:00.00Z",
"2018-10-01T07:21:00.00Z",
"2018-10-01T07:25:00.00Z",
"2018-10-01T07:45:00.00Z",
"2018-10-01T08:05:00.00Z",
"2018-10-01T08:08:00.00Z",
"2018-10-01T09:36:00.00Z",
"2018-10-01T09:52:00.00Z",
"2018-10-01T11:11:00.00Z",
"2018-10-01T11:12:00.00Z",
"2018-10-01T11:35:00.00Z",
"2018-10-01T12:19:00.00Z",
"2018-10-01T12:37:00.00Z",
"2018-10-01T12:40:00.00Z",
"2018-10-01T12:44:00.00Z",
"2018-10-01T13:59:00.00Z",
"2018-10-01T15:47:00.00Z",
"2018-10-01T16:11:00.00Z",
"2018-10-01T16:25:00.00Z",
"2018-10-01T16:54:00.00Z",
"2018-10-01T18:19:00.00Z",
"2018-10-01T18:44:00.00Z",
"2018-10-01T19:06:00.00Z",
"2018-10-01T19:40:00.00Z",
"2018-10-01T19:42:00.00Z",
"2018-10-01T19:46:00.00Z",
"2018-10-01T20:19:00.00Z",
"2018-10-01T20:29:00.00Z",
"2018-10-01T20:39:00.00Z",
"2018-10-01T20:52:00.00Z",
"2018-10-01T20:53:00.00Z",
"2018-10-01T21:54:00.00Z",
"2018-10-01T21:58:00.00Z",
"2018-10-01T22:07:00.00Z",
"2018-10-01T22:44:00.00Z",
"2018-10-01T23:11:00.00Z",
"2018-10-01T23:33:00.00Z",
"2018-10-02T00:14:00.00Z",
"2018-10-02T00:22:00.00Z",
"2018-10-02T00:35:00.00Z",
"2018-10-02T00:56:00.00Z",
"2018-10-02T01:04:00.00Z",
"2018-10-02T02:01:00.00Z",
"2018-10-02T02:16:00.00Z",
"2018-10-02T02:23:00.00Z",
"2018-10-02T02:31:00.00Z",
"2018-10-02T02:34:00.00Z",
"2018-10-02T02:38:00.00Z",
"2018-10-02T03:03:00.00Z",
"2018-10-02T03:20:00.00Z",
"2018-10-02T03:46:00.00Z",
"2018-10-02T04:07:00.00Z",
"2018-10-02T04:37:00.00Z",
"2018-10-02T05:00:00.00Z",
"2018-10-02T05:28:00.00Z",
"2018-10-02T05:45:00.00Z",
"2018-10-02T06:08:00.00Z",
"2018-10-02T06:20:00.00Z",
"2018-10-02T06:26:00.00Z",
"2018-10-02T06:27:00.00Z",
"2018-10-02T06:58:00.00Z",
"2018-10-02T07:21:00.00Z",
"2018-10-02T07:25:00.00Z",
"2018-10-02T07:45:00.00Z",
"2018-10-02T08:05:00.00Z",
"2018-10-02T08:08:00.00Z",
"2018-10-02T09:36:00.00Z",
"2018-10-02T09:52:00.00Z",
"2018-10-02T11:11:00.00Z",
"2018-10-02T11:12:00.00Z",
"2018-10-02T11:35:00.00Z",
"2018-10-02T12:19:00.00Z",
"2018-10-02T12:37:00.00Z",
"2018-10-02T12:40:00.00Z",
"2018-10-02T12:44:00.00Z",
"2018-10-02T13:59:00.00Z",
"2018-10-02T15:47:00.00Z",
"2018-10-02T16:11:00.00Z",
"2018-10-02T16:25:00.00Z",
"2018-10-02T16:54:00.00Z",
"2018-10-02T18:19:00.00Z",
"2018-10-02T18:44:00.00Z",
"2018-10-02T19:06:00.00Z",
"2018-10-02T19:40:00.00Z",
"2018-10-02T19:42:00.00Z",
"2018-10-02T19:46:00.00Z",
"2018-10-02T20:19:00.00Z",
"2018-10-02T20:29:00.00Z",
"2018-10-02T20:39:00.00Z",
"2018-10-02T20:52:00.00Z",
"2018-10-02T20:53:00.00Z",
"2018-10-02T21:54:00.00Z",
"2018-10-02T21:58:00.00Z",
"2018-10-02T22:07:00.00Z",
"2018-10-02T22:44:00.00Z",
"2018-10-02T23:11:00.00Z",
"2018-10-02T23:33:00.00Z",
"2018-10-03T00:14:00.00Z",
"2018-10-03T00:22:00.00Z",
"2018-10-03T00:35:00.00Z",
"2018-10-03T00:56:00.00Z",
"2018-10-03T01:04:00.00Z",
"2018-10-03T02:01:00.00Z",
"2018-10-03T02:16:00.00Z",
"2018-10-03T02:23:00.00Z",
"2018-10-03T02:31:00.00Z",
"2018-10-03T02:34:00.00Z",
"2018-10-03T02:38:00.00Z",
"2018-10-03T03:03:00.00Z",
"2018-10-03T03:20:00.00Z",
"2018-10-03T03:46:00.00Z",
"2018-10-03T04:07:00.00Z",
"2018-10-03T04:37:00.00Z",
"2018-10-03T05:00:00.00Z",
"2018-10-03T05:28:00.00Z",
"2018-10-03T05:45:00.00Z",
"2018-10-03T06:08:00.00Z",
"2018-10-03T06:20:00.00Z",
"2018-10-03T06:26:00.00Z",
"2018-10-03T06:27:00.00Z",
"2018-10-03T06:58:00.00Z",
"2018-10-03T07:21:00.00Z",
"2018-10-03T07:25:00.00Z",
"2018-10-03T07:45:00.00Z",
"2018-10-03T08:05:00.00Z",
"2018-10-03T08:08:00.00Z",
"2018-10-03T09:36:00.00Z",
"2018-10-03T09:52:00.00Z",
"2018-10-03T11:11:00.00Z",
"2018-10-03T11:12:00.00Z",
"2018-10-03T11:35:00.00Z",
"2018-10-03T12:19:00.00Z",
"2018-10-03T12:37:00.00Z",
"2018-10-03T12:40:00.00Z",
"2018-10-03T12:44:00.00Z",
"2018-10-03T13:59:00.00Z",
"2018-10-03T15:47:00.00Z",
"2018-10-03T16:11:00.00Z",
"2018-10-03T16:25:00.00Z",
"2018-10-03T16:54:00.00Z",
"2018-10-03T18:19:00.00Z",
"2018-10-03T18:44:00.00Z",
"2018-10-03T19:06:00.00Z",
"2018-10-03T19:40:00.00Z",
"2018-10-03T19:42:00.00Z",
"2018-10-03T19:46:00.00Z",
"2018-10-03T20:19:00.00Z",
"2018-10-03T20:29:00.00Z",
"2018-10-03T20:39:00.00Z",
"2018-10-03T20:52:00.00Z",
"2018-10-03T20:53:00.00Z",
"2018-10-03T21:54:00.00Z",
"2018-10-03T21:58:00.00Z",
"2018-10-03T22:07:00.00Z",
"2018-10-03T22:44:00.00Z",
"2018-10-03T23:11:00.00Z",
"2018-10-03T23:33:00.00Z",
"2018-10-04T00:14:00.00Z",
"2018-10-04T00:22:00.00Z",
"2018-10-04T00:35:00.00Z",
"2018-10-04T00:56:00.00Z",
"2018-10-04T01:04:00.00Z",
"2018-10-04T02:01:00.00Z",
"2018-10-04T02:16:00.00Z",
"2018-10-04T02:23:00.00Z",
"2018-10-04T02:31:00.00Z",
"2018-10-04T02:34:00.00Z",
"2018-10-04T02:38:00.00Z",
"2018-10-04T03:03:00.00Z",
"2018-10-04T03:20:00.00Z",
"2018-10-04T03:46:00.00Z",
"2018-10-04T04:07:00.00Z",
"2018-10-04T04:37:00.00Z",
"2018-10-04T05:00:00.00Z",
"2018-10-04T05:28:00.00Z",
"2018-10-04T05:45:00.00Z",
"2018-10-04T06:08:00.00Z",
"2018-10-04T06:20:00.00Z",
"2018-10-04T06:26:00.00Z",
"2018-10-04T06:27:00.00Z",
"2018-10-04T06:58:00.00Z",
"2018-10-04T07:21:00.00Z",
"2018-10-04T07:25:00.00Z",
"2018-10-04T07:45:00.00Z",
"2018-10-04T08:05:00.00Z",
"2018-10-04T08:08:00.00Z",
"2018-10-04T09:36:00.00Z",
"2018-10-04T09:52:00.00Z",
"2018-10-04T11:11:00.00Z",
"2018-10-04T11:12:00.00Z",
"2018-10-04T11:35:00.00Z",
"2018-10-04T12:19:00.00Z",
"2018-10-04T12:37:00.00Z",
"2018-10-04T12:40:00.00Z",
"2018-10-04T12:44:00.00Z",
"2018-10-04T13:59:00.00Z",
"2018-10-04T15:47:00.00Z",
"2018-10-04T16:11:00.00Z",
"2018-10-04T16:25:00.00Z",
"2018-10-04T16:54:00.00Z",
"2018-10-04T18:19:00.00Z",
"2018-10-04T18:44:00.00Z",
"2018-10-04T19:06:00.00Z",
"2018-10-04T19:40:00.00Z",
"2018-10-04T19:42:00.00Z",
"2018-10-04T19:46:00.00Z",
"2018-10-04T20:19:00.00Z",
"2018-10-04T20:29:00.00Z",
"2018-10-04T20:39:00.00Z",
"2018-10-04T20:52:00.00Z",
"2018-10-04T20:53:00.00Z",
"2018-10-04T21:54:00.00Z",
"2018-10-04T21:58:00.00Z",
"2018-10-04T22:07:00.00Z",
"2018-10-04T22:44:00.00Z",
"2018-10-04T23:11:00.00Z",
"2018-10-04T23:33:00.00Z",
"2018-10-05T00:14:00.00Z",
"2018-10-05T00:22:00.00Z",
"2018-10-05T00:35:00.00Z",
"2018-10-05T00:56:00.00Z",
"2018-10-05T01:04:00.00Z",
"2018-10-05T02:01:00.00Z",
"2018-10-05T02:16:00.00Z",
"2018-10-05T02:23:00.00Z",
"2018-10-05T02:31:00.00Z",
"2018-10-05T02:34:00.00Z",
"2018-10-05T02:38:00.00Z",
"2018-10-05T03:03:00.00Z",
"2018-10-05T03:20:00.00Z",
"2018-10-05T03:46:00.00Z",
"2018-10-05T04:07:00.00Z",
"2018-10-05T04:37:00.00Z",
"2018-10-05T05:00:00.00Z",
"2018-10-05T05:28:00.00Z",
"2018-10-05T05:45:00.00Z",
"2018-10-05T06:08:00.00Z",
"2018-10-05T06:20:00.00Z",
"2018-10-05T06:26:00.00Z",
"2018-10-05T06:27:00.00Z",
"2018-10-05T06:58:00.00Z",
"2018-10-05T07:21:00.00Z",
"2018-10-05T07:25:00.00Z",
"2018-10-05T07:45:00.00Z",
"2018-10-05T08:05:00.00Z",
"2018-10-05T08:08:00.00Z",
"2018-10-05T09:36:00.00Z",
"2018-10-05T09:52:00.00Z",
"2018-10-05T11:11:00.00Z",
"2018-10-05T11:12:00.00Z",
"2018-10-05T11:35:00.00Z",
"2018-10-05T12:19:00.00Z",
"2018-10-05T12:37:00.00Z",
"2018-10-05T12:40:00.00Z",
"2018-10-05T12:44:00.00Z",
"2018-10-05T13:59:00.00Z",
"2018-10-05T15:47:00.00Z",
"2018-10-05T16:11:00.00Z",
"2018-10-05T16:25:00.00Z",
"2018-10-05T16:54:00.00Z",
"2018-10-05T18:19:00.00Z",
"2018-10-05T18:44:00.00Z",
"2018-10-05T19:06:00.00Z",
"2018-10-05T19:40:00.00Z",
"2018-10-05T19:42:00.00Z",
"2018-10-05T19:46:00.00Z",
"2018-10-05T20:19:00.00Z",
"2018-10-05T20:29:00.00Z",
"2018-10-05T20:39:00.00Z",
"2018-10-05T20:52:00.00Z",
"2018-10-05T20:53:00.00Z",
"2018-10-05T21:54:00.00Z",
"2018-10-05T21:58:00.00Z",
"2018-10-05T22:07:00.00Z",
"2018-10-05T22:44:00.00Z",
"2018-10-05T23:11:00.00Z",
"2018-10-05T23:33:00.00Z",
"2018-10-06T00:14:00.00Z",
"2018-10-06T00:22:00.00Z",
"2018-10-06T00:35:00.00Z",
"2018-10-06T00:56:00.00Z",
"2018-10-06T01:04:00.00Z",
"2018-10-06T02:01:00.00Z",
"2018-10-06T02:16:00.00Z",
"2018-10-06T02:23:00.00Z",
"2018-10-06T02:31:00.00Z",
"2018-10-06T02:34:00.00Z",
"2018-10-06T02:38:00.00Z",
"2018-10-06T03:03:00.00Z",
"2018-10-06T03:20:00.00Z",
"2018-10-06T03:46:00.00Z",
"2018-10-06T04:07:00.00Z",
"2018-10-06T04:37:00.00Z",
"2018-10-06T05:00:00.00Z",
"2018-10-06T05:28:00.00Z",
"2018-10-06T05:45:00.00Z",
"2018-10-06T06:08:00.00Z",
"2018-10-06T06:20:00.00Z",
"2018-10-06T06:26:00.00Z",
"2018-10-06T06:27:00.00Z",
"2018-10-06T06:58:00.00Z",
"2018-10-06T07:21:00.00Z",
"2018-10-06T07:25:00.00Z",
"2018-10-06T07:45:00.00Z",
"2018-10-06T08:05:00.00Z",
"2018-10-06T08:08:00.00Z",
"2018-10-06T09:36:00.00Z",
"2018-10-06T09:52:00.00Z",
"2018-10-06T11:11:00.00Z",
"2018-10-06T11:12:00.00Z",
"2018-10-06T11:35:00.00Z",
"2018-10-06T12:19:00.00Z",
"2018-10-06T12:37:00.00Z",
"2018-10-06T12:40:00.00Z",
"2018-10-06T12:44:00.00Z",
"2018-10-06T13:59:00.00Z",
"2018-10-06T15:47:00.00Z",
"2018-10-06T16:11:00.00Z",
"2018-10-06T16:25:00.00Z",
"2018-10-06T16:54:00.00Z",
"2018-10-06T18:19:00.00Z",
"2018-10-06T18:44:00.00Z",
"2018-10-06T19:06:00.00Z",
"2018-10-06T19:40:00.00Z",
"2018-10-06T19:42:00.00Z",
"2018-10-06T19:46:00.00Z",
"2018-10-06T20:19:00.00Z",
"2018-10-06T20:29:00.00Z",
"2018-10-06T20:39:00.00Z",
"2018-10-06T20:52:00.00Z",
"2018-10-06T20:53:00.00Z",
"2018-10-06T21:54:00.00Z",
"2018-10-06T21:58:00.00Z",
"2018-10-06T22:07:00.00Z",
"2018-10-06T22:44:00.00Z",
"2018-10-06T23:11:00.00Z",
"2018-10-06T23:33:00.00Z",
"2018-10-07T00:14:00.00Z",
"2018-10-07T00:22:00.00Z",
"2018-10-07T00:35:00.00Z",
"2018-10-07T00:56:00.00Z",
"2018-10-07T01:04:00.00Z",
"2018-10-07T02:01:00.00Z",
"2018-10-07T02:16:00.00Z",
"2018-10-07T02:23:00.00Z",
"2018-10-07T02:31:00.00Z",
"2018-10-07T02:34:00.00Z",
"2018-10-07T02:38:00.00Z",
"2018-10-07T03:03:00.00Z",
"2018-10-07T03:20:00.00Z",
"2018-10-07T03:46:00.00Z",
"2018-10-07T04:07:00.00Z",
"2018-10-07T04:37:00.00Z",
"2018-10-07T05:00:00.00Z",
"2018-10-07T05:28:00.00Z",
"2018-10-07T05:45:00.00Z",
"2018-10-07T06:08:00.00Z",
"2018-10-07T06:20:00.00Z",
"2018-10-07T06:26:00.00Z",
"2018-10-07T06:27:00.00Z",
"2018-10-07T06:58:00.00Z",
"2018-10-07T07:21:00.00Z",
"2018-10-07T07:25:00.00Z",
"2018-10-07T07:45:00.00Z",
"2018-10-07T08:05:00.00Z",
"2018-10-07T08:08:00.00Z",
"2018-10-07T09:36:00.00Z",
"2018-10-07T09:52:00.00Z",
"2018-10-07T11:11:00.00Z",
"2018-10-07T11:12:00.00Z",
"2018-10-07T11:35:00.00Z",
"2018-10-07T12:19:00.00Z",
"2018-10-07T12:37:00.00Z",
"2018-10-07T12:40:00.00Z",
"2018-10-07T12:44:00.00Z",
"2018-10-07T13:59:00.00Z",
"2018-10-07T15:47:00.00Z",
"2018-10-07T16:11:00.00Z",
"2018-10-07T16:25:00.00Z",
"2018-10-07T16:54:00.00Z",
"2018-10-07T18:19:00.00Z",
"2018-10-07T18:44:00.00Z",
"2018-10-07T19:06:00.00Z",
"2018-10-07T19:40:00.00Z",
"2018-10-07T19:42:00.00Z",
"2018-10-07T19:46:00.00Z",
"2018-10-07T20:19:00.00Z",
"2018-10-07T20:29:00.00Z",
"2018-10-07T20:39:00.00Z",
"2018-10-07T20:52:00.00Z",
"2018-10-07T20:53:00.00Z",
"2018-10-07T21:54:00.00Z",
"2018-10-07T21:58:00.00Z",
"2018-10-07T22:07:00.00Z",
"2018-10-07T22:44:00.00Z",
"2018-10-07T23:11:00.00Z",
"2018-10-07T23:33:00.00Z",
"2018-10-08T00:14:00.00Z",
"2018-10-08T00:22:00.00Z",
"2018-10-08T00:35:00.00Z",
"2018-10-08T00:56:00.00Z",
"2018-10-08T01:04:00.00Z",
"2018-10-08T02:01:00.00Z",
"2018-10-08T02:16:00.00Z",
"2018-10-08T02:23:00.00Z",
"2018-10-08T02:31:00.00Z",
"2018-10-08T02:34:00.00Z",
"2018-10-08T02:38:00.00Z",
"2018-10-08T03:03:00.00Z",
"2018-10-08T03:20:00.00Z",
"2018-10-08T03:46:00.00Z",
"2018-10-08T04:07:00.00Z",
"2018-10-08T04:37:00.00Z",
"2018-10-08T05:00:00.00Z",
"2018-10-08T05:28:00.00Z",
"2018-10-08T05:45:00.00Z",
"2018-10-08T06:08:00.00Z",
"2018-10-08T06:20:00.00Z",
"2018-10-08T06:26:00.00Z",
"2018-10-08T06:27:00.00Z",
"2018-10-08T06:58:00.00Z",
"2018-10-08T07:21:00.00Z",
"2018-10-08T07:25:00.00Z",
"2018-10-08T07:45:00.00Z",
"2018-10-08T08:05:00.00Z",
"2018-10-08T08:08:00.00Z",
"2018-10-08T09:36:00.00Z",
"2018-10-08T09:52:00.00Z",
"2018-10-08T11:11:00.00Z",
"2018-10-08T11:12:00.00Z",
"2018-10-08T11:35:00.00Z",
"2018-10-08T12:19:00.00Z",
"2018-10-08T12:37:00.00Z",
"2018-10-08T12:40:00.00Z",
"2018-10-08T12:44:00.00Z",
"2018-10-08T13:59:00.00Z",
"2018-10-08T15:47:00.00Z",
"2018-10-08T16:11:00.00Z",
"2018-10-08T16:25:00.00Z",
"2018-10-08T16:54:00.00Z",
"2018-10-08T18:19:00.00Z",
"2018-10-08T18:44:00.00Z",
"2018-10-08T19:06:00.00Z",
"2018-10-08T19:40:00.00Z",
"2018-10-08T19:42:00.00Z",
"2018-10-08T19:46:00.00Z",
"2018-10-08T20:19:00.00Z",
"2018-10-08T20:29:00.00Z",
"2018-10-08T20:39:00.00Z",
"2018-10-08T20:52:00.00Z",
"2018-10-08T20:53:00.00Z",
"2018-10-08T21:54:00.00Z",
"2018-10-08T21:58:00.00Z",
"2018-10-08T22:07:00.00Z",
"2018-10-08T22:44:00.00Z",
"2018-10-08T23:11:00.00Z",
"2018-10-08T23:33:00.00Z",
"2018-10-09T00:14:00.00Z",
"2018-10-09T00:22:00.00Z",
"2018-10-09T00:35:00.00Z",
"2018-10-09T00:56:00.00Z",
"2018-10-09T01:04:00.00Z",
"2018-10-09T02:01:00.00Z",
"2018-10-09T02:16:00.00Z",
"2018-10-09T02:23:00.00Z",
"2018-10-09T02:31:00.00Z",
"2018-10-09T02:34:00.00Z",
"2018-10-09T02:38:00.00Z",
"2018-10-09T03:03:00.00Z",
"2018-10-09T03:20:00.00Z",
"2018-10-09T03:46:00.00Z",
"2018-10-09T04:07:00.00Z",
"2018-10-09T04:37:00.00Z",
"2018-10-09T05:00:00.00Z",
"2018-10-09T05:28:00.00Z",
"2018-10-09T05:45:00.00Z",
"2018-10-09T06:08:00.00Z",
"2018-10-09T06:20:00.00Z",
"2018-10-09T06:26:00.00Z",
"2018-10-09T06:27:00.00Z",
"2018-10-09T06:58:00.00Z",
"2018-10-09T07:21:00.00Z",
"2018-10-09T07:25:00.00Z",
"2018-10-09T07:45:00.00Z",
"2018-10-09T08:05:00.00Z",
"2018-10-09T08:08:00.00Z",
"2018-10-09T09:36:00.00Z",
"2018-10-09T09:52:00.00Z"